instance_F10_C20__MU200__0.txt,2,Optimal,Proved,-178.54,6.38761,13,0,0,163
instance_F10_C20__MU200__0.txt,3,Optimal,Proved,-0,15.4364,69,0,0,483
instance_F10_C20__MU200__0.txt,4,Optimal,Proved,-0,7.83086,47,0,0,330
instance_F10_C20__MU200__1.txt,2,Optimal,Proved,-155.914,2.43087,11,0,0,116
instance_F10_C20__MU200__1.txt,3,Optimal,Proved,-0,7.54145,65,0,0,411
instance_F10_C20__MU200__1.txt,4,Optimal,Proved,-0,6.62307,59,0,0,370
instance_F10_C20__MU200__2.txt,2,Optimal,Proved,-503.781,3.47795,17,0,0,242
instance_F10_C20__MU200__2.txt,3,Optimal,Proved,-258.864,1.84743,9,0,0,146
instance_F10_C20__MU200__2.txt,4,Optimal,Proved,-2.77125,6.37839,45,0,0,486
instance_F10_C20__MU200__3.txt,2,Optimal,Proved,-270.86,78.069,23,0,0,422
instance_F10_C20__MU200__3.txt,3,Optimal,Proved,-128.877,151.061,47,0,0,1074
instance_F10_C20__MU200__3.txt,4,Optimal,Proved,-0,249.512,417,0,0,3318
instance_F10_C20__MU200__4.txt,2,Optimal,Proved,-21.6953,4.40458,21,0,0,171
instance_F10_C20__MU200__4.txt,3,Optimal,Proved,-0,4.48192,23,0,0,163
instance_F10_C20__MU200__4.txt,4,Optimal,Proved,-0,3.07376,19,0,0,133
instance_F10_C20__MU200__5.txt,2,Optimal,Proved,-233.736,12.6204,17,0,0,276
instance_F10_C20__MU200__5.txt,3,Optimal,Proved,-99.8921,17.8401,31,0,0,481
instance_F10_C20__MU200__5.txt,4,Optimal,Proved,-0,30.1296,147,0,0,1058
instance_F10_C20__MU200__6.txt,2,Optimal,Proved,-146.476,2.09242,19,0,0,185
instance_F10_C20__MU200__6.txt,3,Optimal,Proved,-0,2.29815,25,0,0,182
instance_F10_C20__MU200__6.txt,4,Optimal,Proved,-0,2.32664,31,0,0,206
instance_F10_C20__MU200__7.txt,2,Optimal,Proved,-425.435,14.6884,27,0,0,533
instance_F10_C20__MU200__7.txt,3,Optimal,Proved,-296.068,12.9494,15,0,0,392
instance_F10_C20__MU200__7.txt,4,Optimal,Proved,-121.093,20.2839,51,0,0,970
instance_F10_C20__MU200__8.txt,2,Optimal,Proved,-474.481,10.5438,33,0,0,541
instance_F10_C20__MU200__8.txt,3,Optimal,Proved,-389.944,13.5892,21,0,0,576
instance_F10_C20__MU200__8.txt,4,Optimal,Proved,-254.08,16.3245,21,0,0,535
instance_F10_C20__MU200__9.txt,2,Optimal,Proved,-135.604,1.35791,11,0,0,115
instance_F10_C20__MU200__9.txt,3,Optimal,Proved,-0,0.328648,5,0,0,47
instance_F10_C20__MU200__9.txt,4,Optimal,Proved,-0,0.064057,1,0,0,6
instance_F10_C20__MU300__0.txt,2,Optimal,Proved,-50.5764,12.2915,33,0,0,375
instance_F10_C20__MU300__0.txt,3,Optimal,Proved,-0,23.7357,115,0,0,810
instance_F10_C20__MU300__0.txt,4,Optimal,Proved,-0,28.1294,157,0,0,1027
instance_F10_C20__MU300__1.txt,2,Optimal,Proved,-115.086,8.43502,33,0,0,431
instance_F10_C20__MU300__1.txt,3,Optimal,Proved,-1.31091,17.7439,81,0,0,960
instance_F10_C20__MU300__1.txt,4,Optimal,Proved,-0,24.9011,221,0,0,1554
instance_F10_C20__MU300__2.txt,2,Optimal,Proved,-357.841,5.39266,19,0,0,262
instance_F10_C20__MU300__2.txt,3,Optimal,Proved,-283.766,10.8209,33,0,0,582
instance_F10_C20__MU300__2.txt,4,Optimal,Proved,-193.966,11.6983,33,0,0,667
instance_F10_C20__MU300__3.txt,2,Optimal,Proved,-168.388,9.13389,45,0,0,548
instance_F10_C20__MU300__3.txt,3,Optimal,Proved,-34.5465,17.3885,87,0,0,1006
instance_F10_C20__MU300__3.txt,4,Optimal,Proved,-0,20.155,175,0,0,1282
instance_F10_C20__MU300__4.txt,2,Optimal,Proved,-63.1968,1.695,11,0,0,111
instance_F10_C20__MU300__4.txt,3,Optimal,Proved,-0,1.61466,15,0,0,112
instance_F10_C20__MU300__4.txt,4,Optimal,Proved,-0,1.30002,13,0,0,90
instance_F10_C20__MU300__5.txt,2,Optimal,Proved,-269.872,17.5299,53,0,0,631
instance_F10_C20__MU300__5.txt,3,Optimal,Proved,-151.761,37.2653,73,0,0,1188
instance_F10_C20__MU300__5.txt,4,Optimal,Proved,-4.32358,97.9209,261,0,0,4506
instance_F10_C20__MU300__6.txt,2,Optimal,Proved,-208.725,25.8394,35,0,0,431
instance_F10_C20__MU300__6.txt,3,Optimal,Proved,-71.8533,87.9934,79,0,0,1145
instance_F10_C20__MU300__6.txt,4,Optimal,Proved,-0,121.164,569,0,0,4567
instance_F10_C20__MU300__7.txt,2,Optimal,Proved,-0,13.3926,135,0,0,902
instance_F10_C20__MU300__7.txt,3,Optimal,Proved,-0,11.9534,113,0,0,794
instance_F10_C20__MU300__7.txt,4,Optimal,Proved,-0,10.8717,99,0,0,744
instance_F10_C20__MU300__8.txt,2,Optimal,Proved,-86.5611,27.0975,45,0,0,633
instance_F10_C20__MU300__8.txt,3,Optimal,Proved,-0,69.125,317,0,0,2449
instance_F10_C20__MU300__8.txt,4,Optimal,Proved,-0,67.4536,357,0,0,2721
instance_F10_C20__MU300__9.txt,2,Optimal,Proved,-156.361,13.3563,61,0,0,737
instance_F10_C20__MU300__9.txt,3,Optimal,Proved,-52.8752,20.272,75,0,0,1121
instance_F10_C20__MU300__9.txt,4,Optimal,Proved,-0,33.7585,381,0,0,2853
instance_F10_C30__MU200__0.txt,2,Optimal,Proved,-238.515,84.9726,57,0,0,1036
instance_F10_C30__MU200__0.txt,3,Optimal,Proved,-110.035,65.762,37,0,0,823
instance_F10_C30__MU200__0.txt,4,Optimal,Proved,-0,85.7506,209,0,0,1605
instance_F10_C30__MU200__1.txt,2,Optimal,Proved,-242.283,20.6745,21,0,0,296
instance_F10_C30__MU200__1.txt,3,Optimal,Proved,-21.1594,26.0205,27,0,0,338
instance_F10_C30__MU200__1.txt,4,Optimal,Proved,-0,42.884,111,0,0,770
instance_F10_C30__MU200__2.txt,2,Optimal,Proved,-0,4.57676,15,0,0,96
instance_F10_C30__MU200__2.txt,3,Optimal,Proved,-0,4.13832,13,0,0,78
instance_F10_C30__MU200__2.txt,4,Optimal,Proved,-0,1.62553,3,0,0,32
instance_F10_C30__MU200__3.txt,2,Optimal,Proved,-200.93,30.9655,31,0,0,403
instance_F10_C30__MU200__3.txt,3,Optimal,Proved,-23.9674,31.4177,47,0,0,555
instance_F10_C30__MU200__3.txt,4,Optimal,Proved,-0,67.6367,187,0,0,1277
instance_F10_C30__MU200__4.txt,2,Optimal,Proved,-336.689,75.4597,51,0,0,749
instance_F10_C30__MU200__4.txt,3,Optimal,Proved,-138.607,82.48,35,0,0,676
instance_F10_C30__MU200__4.txt,4,Optimal,Proved,-0,123.238,279,0,0,1821
instance_F10_C30__MU200__5.txt,2,Optimal,Proved,-515.131,54.07,25,0,0,485
instance_F10_C30__MU200__5.txt,3,Optimal,Proved,-341.92,180.978,39,0,0,1062
instance_F10_C30__MU200__5.txt,4,Optimal,Proved,-175.273,314.104,79,0,0,2286
instance_F10_C30__MU200__6.txt,2,Optimal,Proved,-6.85377,191.407,77,0,0,931
instance_F10_C30__MU200__6.txt,3,Optimal,Proved,-0,150.162,107,0,0,755
instance_F10_C30__MU200__6.txt,4,Optimal,Proved,-0,66.7751,73,0,0,465
instance_F10_C30__MU200__7.txt,2,Optimal,Proved,-275.305,46.1901,35,0,0,525
instance_F10_C30__MU200__7.txt,3,Optimal,Proved,-66.3916,51.8563,33,0,0,616
instance_F10_C30__MU200__7.txt,4,Optimal,Proved,-0,132.269,289,0,0,1963
instance_F10_C30__MU200__8.txt,2,Optimal,Proved,-482.857,99.991,29,0,0,518
instance_F10_C30__MU200__8.txt,3,Optimal,Proved,-294.504,109.559,23,0,0,522
instance_F10_C30__MU200__8.txt,4,Optimal,Proved,-107.786,191.266,97,0,0,1753
instance_F10_C30__MU200__9.txt,2,Optimal,Proved,-310.198,36.6509,15,0,0,234
instance_F10_C30__MU200__9.txt,3,Optimal,Proved,-152.831,55.7739,15,0,0,317
instance_F10_C30__MU200__9.txt,4,Optimal,Proved,-0,193.791,295,0,0,2345
instance_F10_C30__MU300__0.txt,2,Optimal,Proved,-214.199,42.1459,29,0,0,417
instance_F10_C30__MU300__0.txt,3,Optimal,Proved,-98.8228,696.121,103,0,0,1658
instance_F10_C30__MU300__0.txt,4,Optimal,Proved,-0,1212.01,1255,0,0,10878
instance_F10_C30__MU300__1.txt,2,Optimal,Proved,-129.485,9.88463,29,0,0,335
instance_F10_C30__MU300__1.txt,3,Optimal,Proved,-16.3328,10.5113,41,0,0,486
instance_F10_C30__MU300__1.txt,4,Optimal,Proved,-0,9.04928,83,0,0,536
instance_F10_C30__MU300__2.txt,2,Optimal,Proved,-526.048,4.72157,19,0,0,245
instance_F10_C30__MU300__2.txt,3,Optimal,Proved,-439.836,5.50001,13,0,0,261
instance_F10_C30__MU300__2.txt,4,Optimal,Proved,-279.919,10.4644,21,0,0,459
instance_F10_C30__MU300__3.txt,2,Optimal,Proved,-258.627,3.13274,15,2.19789e-16,5.68434e-14,162
instance_F10_C30__MU300__3.txt,3,Optimal,Proved,-79.6574,4.73154,25,0,0,259
instance_F10_C30__MU300__3.txt,4,Optimal,Proved,-0,8.48726,77,0,0,480
instance_F10_C30__MU300__4.txt,2,Optimal,Proved,-82.9367,21.2251,25,0,0,295
instance_F10_C30__MU300__4.txt,3,Optimal,Proved,-0,76.9357,233,0,0,1667
instance_F10_C30__MU300__4.txt,4,Optimal,Proved,-0,81.6202,245,0,0,1832
instance_F10_C30__MU300__5.txt,2,Optimal,Proved,-248.187,2.53239,13,0,0,148
instance_F10_C30__MU300__5.txt,3,Optimal,Proved,-119.137,4.76275,17,0,0,205
instance_F10_C30__MU300__5.txt,4,Optimal,Proved,-0,31.4937,237,0,0,1616
instance_F10_C30__MU300__6.txt,2,Optimal,Proved,-200.336,17.4324,25,0,0,249
instance_F10_C30__MU300__6.txt,3,Optimal,Proved,-18.9889,41.996,61,0,0,718
instance_F10_C30__MU300__6.txt,4,Optimal,Proved,-0,114.902,293,0,0,2085
instance_F10_C30__MU300__7.txt,2,Optimal,Proved,-109.548,8.80008,21,0,0,249
instance_F10_C30__MU300__7.txt,3,Optimal,Proved,-0.577432,16.2501,65,0,0,535
instance_F10_C30__MU300__7.txt,4,Optimal,Proved,-0,31.0762,173,0,0,1211
instance_F10_C30__MU300__8.txt,2,Optimal,Proved,-160.403,50.4975,95,0,0,1186
instance_F10_C30__MU300__8.txt,3,Optimal,Proved,-31.3042,135.798,141,0,0,2130
instance_F10_C30__MU300__8.txt,4,Optimal,Proved,-0,231.256,635,0,0,4889
instance_F10_C30__MU300__9.txt,2,Optimal,Proved,-240.4,24.6585,51,0,0,621
instance_F10_C30__MU300__9.txt,3,Optimal,Proved,-116.192,52.7549,105,0,0,1614
instance_F10_C30__MU300__9.txt,4,Optimal,Proved,-0,129.445,777,0,0,5530
instance_F10_C40__MU200__0.txt,2,Optimal,Proved,-38.4318,11.1032,13,0,0,127
instance_F10_C40__MU200__0.txt,3,Optimal,Proved,-0,7.91812,23,0,0,147
instance_F10_C40__MU200__0.txt,4,Optimal,Proved,-0,7.30823,19,0,0,117
instance_F10_C40__MU200__1.txt,2,Optimal,Proved,-466.359,24.3694,11,0,0,214
instance_F10_C40__MU200__1.txt,3,Optimal,Proved,-212.579,25.0285,15,0,0,244
instance_F10_C40__MU200__1.txt,4,Optimal,Proved,-0,43.5742,65,0,0,462
instance_F10_C40__MU200__2.txt,2,Optimal,Proved,-538.567,32.016,11,0,0,178
instance_F10_C40__MU200__2.txt,3,Optimal,Proved,-341.653,125.502,19,0,0,359
instance_F10_C40__MU200__2.txt,4,Optimal,Proved,-152.581,84.6196,21,0,0,401
instance_F10_C40__MU200__3.txt,2,Optimal,Proved,-473.319,523.712,23,0,0,394
instance_F10_C40__MU200__3.txt,3,Optimal,Proved,-289.082,460.729,31,0,0,694
instance_F10_C40__MU200__3.txt,4,Optimal,Proved,-93.5094,540.592,69,0,0,1475
instance_F10_C40__MU200__4.txt,2,Optimal,Proved,-150.849,4.09394,11,0,0,123
instance_F10_C40__MU200__4.txt,3,Optimal,Proved,-0,7.18325,39,0,0,267
instance_F10_C40__MU200__4.txt,4,Optimal,Proved,-0,5.68324,35,0,0,243
instance_F10_C40__MU200__5.txt,2,Optimal,Proved,-495.542,19.359,9,0,0,141
instance_F10_C40__MU200__5.txt,3,Optimal,Proved,-264.292,25.2642,15,0,0,259
instance_F10_C40__MU200__5.txt,4,Optimal,Proved,-0,143.243,177,0,0,1309
instance_F10_C40__MU200__6.txt,2,Optimal,Proved,-300.435,211.853,49,0,0,698
instance_F10_C40__MU200__6.txt,3,Optimal,Proved,-94.1181,299.654,61,0,0,1006
instance_F10_C40__MU200__6.txt,4,Optimal,Proved,-0,650.653,359,0,0,2750
instance_F10_C40__MU200__7.txt,2,Optimal,Proved,-379.444,416.966,33,0,0,551
instance_F10_C40__MU200__7.txt,3,Optimal,Proved,-207.853,759.472,33,0,0,849
instance_F10_C40__MU200__7.txt,4,Optimal,Proved,-21.9572,1142.28,87,0,0,1720
instance_F10_C40__MU200__8.txt,2,Optimal,Proved,-251.048,231.673,71,0,0,1138
instance_F10_C40__MU200__8.txt,3,Optimal,Proved,-65.9014,209.621,69,0,0,1335
instance_F10_C40__MU200__8.txt,4,Optimal,Proved,-0,417.939,447,0,0,3360
instance_F10_C40__MU200__9.txt,2,Optimal,Proved,-239.139,1073.82,39,0,0,514
instance_F10_C40__MU200__9.txt,3,Optimal,Proved,-102.086,211.449,53,0,0,883
instance_F10_C40__MU200__9.txt,4,Optimal,Proved,-0,568.518,369,0,0,2996
instance_F10_C40__MU300__0.txt,2,Optimal,Proved,-362.143,4.16888,11,0,0,136
instance_F10_C40__MU300__0.txt,3,Optimal,Proved,-207.804,12.6432,29,0,0,379
instance_F10_C40__MU300__0.txt,4,Optimal,Proved,-64.7194,16.0959,37,0,0,563
instance_F10_C40__MU300__1.txt,2,Optimal,Proved,-213.27,35.6914,51,0,0,578
instance_F10_C40__MU300__1.txt,3,Optimal,Proved,-67.44,65.8993,83,0,0,1170
instance_F10_C40__MU300__1.txt,4,Optimal,Proved,-0,126.572,343,0,0,2580
instance_F10_C40__MU300__2.txt,2,Optimal,Proved,-312.637,38.8115,33,0,0,401
instance_F10_C40__MU300__2.txt,3,Optimal,Proved,-185.593,216.859,79,0,0,1112
instance_F10_C40__MU300__2.txt,4,Optimal,Proved,-57.7212,239.42,113,0,0,1764
instance_F10_C40__MU300__3.txt,2,Optimal,Proved,-0,2.19378,25,0,0,154
instance_F10_C40__MU300__3.txt,3,Optimal,Proved,-0,2.24682,21,0,0,147
instance_F10_C40__MU300__3.txt,4,Optimal,Proved,-0,1.71857,15,0,0,116
instance_F10_C40__MU300__4.txt,2,Optimal,Proved,-138.256,14.4937,21,0,0,201
instance_F10_C40__MU300__4.txt,3,Optimal,Proved,-7.85005,24.9518,45,0,0,457
instance_F10_C40__MU300__4.txt,4,Optimal,Proved,-0,39.2601,171,0,0,1095
instance_F10_C40__MU300__5.txt,2,Optimal,Proved,-30.3937,29.4873,45,0,0,482
instance_F10_C40__MU300__5.txt,3,Optimal,Proved,-0,45.8929,139,0,0,1090
instance_F10_C40__MU300__5.txt,4,Optimal,Proved,-0,40.1331,111,0,0,825
instance_F10_C40__MU300__6.txt,2,Optimal,Proved,-102.524,2.62991,11,0,0,100
instance_F10_C40__MU300__6.txt,3,Optimal,Proved,-0,5.96471,47,0,0,299
instance_F10_C40__MU300__6.txt,4,Optimal,Proved,-0,7.91251,59,0,0,362
instance_F10_C40__MU300__7.txt,2,Optimal,Proved,-543.028,1.83102,11,0,0,167
instance_F10_C40__MU300__7.txt,3,Optimal,Proved,-433.999,6.44917,13,0,0,279
instance_F10_C40__MU300__7.txt,4,Optimal,Proved,-269.362,18.3943,39,0,0,688
instance_F10_C40__MU300__8.txt,2,Optimal,Proved,-35.159,14.2797,29,0,0,338
instance_F10_C40__MU300__8.txt,3,Optimal,Proved,-0,54.4594,133,0,0,895
instance_F10_C40__MU300__8.txt,4,Optimal,Proved,-0,64.363,155,0,0,1013
instance_F10_C40__MU300__9.txt,2,Optimal,Proved,-0,15.6216,59,0,0,363
instance_F10_C40__MU300__9.txt,3,Optimal,Proved,-0,15.9234,59,0,0,361
instance_F10_C40__MU300__9.txt,4,Optimal,Proved,-0,15.5019,55,0,0,345
instance_F10_C50__MU200__0.txt,2,Optimal,Proved,-558.208,57.8379,23,0,0,451
instance_F10_C50__MU200__0.txt,3,Optimal,Proved,-443.228,70.6296,15,1.15424e-15,5.11591e-13,435
instance_F10_C50__MU200__0.txt,4,Optimal,Proved,-246.412,90.9565,33,0,0,619
instance_F10_C50__MU200__1.txt,2,Optimal,Proved,-718.492,83.1799,15,0,0,326
instance_F10_C50__MU200__1.txt,3,Optimal,Proved,-609.287,1041.43,17,0,0,608
instance_F10_C50__MU200__1.txt,4,Optimal,Proved,-423.493,3121.83,23,0,0,788
instance_F10_C50__MU200__2.txt,2,Optimal,Proved,-346.222,46.8026,13,0,0,146
instance_F10_C50__MU200__2.txt,3,Optimal,Proved,-150.211,182.875,49,0,0,640
instance_F10_C50__MU200__2.txt,4,Optimal,Proved,-65.2011,138.539,59,0,0,839
instance_F10_C50__MU200__3.txt,2,Optimal,Proved,-513.404,236.456,23,2.21437e-16,1.13687e-13,500
instance_F10_C50__MU200__3.txt,3,Optimal,Proved,-412.725,388.901,11,0,0,293
instance_F10_C50__MU200__3.txt,4,Optimal,Proved,-266.269,1988.98,41,0,0,730
instance_F10_C50__MU200__4.txt,2,Optimal,Proved,-754.644,3142.94,31,0,0,665
instance_F10_C50__MU200__4.txt,3,Optimal,Proved,-638.337,2961.14,33,0,0,909
instance_F10_C50__MU200__4.txt,4,Feasible,TimeLimit,-316.279,3725.58,11,0.561002,177.433,409
instance_F10_C50__MU200__5.txt,2,Optimal,Proved,-711.988,43.4844,29,0,0,610
instance_F10_C50__MU200__5.txt,3,Optimal,Proved,-600.147,258.948,23,0,0,833
instance_F10_C50__MU200__5.txt,4,Optimal,Proved,-490.606,287.355,17,0,0,749
instance_F10_C50__MU200__6.txt,2,Optimal,Proved,-668.666,3266.83,53,1.7002e-16,1.13687e-13,1109
instance_F10_C50__MU200__6.txt,3,Fail,NotSpecified,-573.305,3600,15,0.0419879,24.0719,724
instance_F10_C50__MU200__6.txt,4,Fail,NotSpecified,-436.616,3600,13,0.211268,92.2431,756
instance_F10_C50__MU200__7.txt,2,Optimal,Proved,-428.769,329.6,67,0,0,998
instance_F10_C50__MU200__7.txt,3,Optimal,Proved,-343.009,245.284,27,0,0,576
instance_F10_C50__MU200__7.txt,4,Optimal,Proved,-139.002,477.763,75,0,0,1226
instance_F10_C50__MU200__8.txt,2,Optimal,Proved,-221.409,29.8897,21,0,0,262
instance_F10_C50__MU200__8.txt,3,Optimal,Proved,-10.4447,120.924,95,0,0,973
instance_F10_C50__MU200__8.txt,4,Optimal,Proved,-0,227.661,319,0,0,2002
instance_F10_C50__MU200__9.txt,2,Optimal,Proved,-154.625,3348.92,29,0,0,425
instance_F10_C50__MU200__9.txt,3,Fail,NotSpecified,-46.3868,3600,41,2.67017,123.861,664
instance_F10_C50__MU200__9.txt,4,Optimal,Proved,-0,1668.95,289,0,0,2033
instance_F10_C50__MU300__0.txt,2,Optimal,Proved,-456.864,49.2487,39,0,0,590
instance_F10_C50__MU300__0.txt,3,Optimal,Proved,-398.037,108.796,47,0,0,841
instance_F10_C50__MU300__0.txt,4,Optimal,Proved,-338.211,229.117,57,0,0,1328
instance_F10_C50__MU300__1.txt,2,Optimal,Proved,-355.611,7.37925,11,0,0,156
instance_F10_C50__MU300__1.txt,3,Optimal,Proved,-258.985,24.669,19,0,0,351
instance_F10_C50__MU300__1.txt,4,Optimal,Proved,-156.118,109.052,61,0,0,1356
instance_F10_C50__MU300__2.txt,2,Optimal,Proved,-278.573,56.9409,37,0,0,430
instance_F10_C50__MU300__2.txt,3,Optimal,Proved,-208.616,92.2995,57,0,0,858
instance_F10_C50__MU300__2.txt,4,Optimal,Proved,-131.173,111.664,89,0,0,1511
instance_F10_C50__MU300__3.txt,2,Optimal,Proved,-328.268,180.51,103,0,0,1529
instance_F10_C50__MU300__3.txt,3,Optimal,Proved,-253.355,355.977,193,0,0,3400
instance_F10_C50__MU300__3.txt,4,Optimal,Proved,-171.114,576.327,279,0,0,6029
instance_F10_C50__MU300__4.txt,2,Optimal,Proved,-334.444,13.2962,35,0,0,432
instance_F10_C50__MU300__4.txt,3,Optimal,Proved,-288.164,20.9279,33,0,0,564
instance_F10_C50__MU300__4.txt,4,Optimal,Proved,-218.067,26.5779,27,0,0,542
instance_F10_C50__MU300__5.txt,2,Optimal,Proved,-209.418,19.8207,23,0,0,274
instance_F10_C50__MU300__5.txt,3,Optimal,Proved,-142.066,51.6634,31,0,0,449
instance_F10_C50__MU300__5.txt,4,Optimal,Proved,-43.8835,50.8712,37,0,0,556
instance_F10_C50__MU300__6.txt,2,Optimal,Proved,-369.51,529.993,43,0,0,615
instance_F10_C50__MU300__6.txt,3,Optimal,Proved,-296.227,684.224,85,0,0,1604
instance_F10_C50__MU300__6.txt,4,Optimal,Proved,-218.161,3067.57,257,0,0,6019
instance_F10_C50__MU300__7.txt,2,Optimal,Proved,-438.474,20.1727,27,0,0,393
instance_F10_C50__MU300__7.txt,3,Optimal,Proved,-349.288,82.9775,37,0,0,579
instance_F10_C50__MU300__7.txt,4,Optimal,Proved,-209.37,332.711,75,0,0,1392
instance_F10_C50__MU300__8.txt,2,Optimal,Proved,-225.706,558.087,65,0,0,854
instance_F10_C50__MU300__8.txt,3,Optimal,Proved,-158.61,698.935,71,0,0,1148
instance_F10_C50__MU300__8.txt,4,Optimal,Proved,-77.3457,1283.93,199,0,0,3299
instance_F10_C50__MU300__9.txt,2,Optimal,Proved,-594.814,153.805,87,0,0,1255
instance_F10_C50__MU300__9.txt,3,Optimal,Proved,-534.705,180.914,91,0,0,1607
instance_F10_C50__MU300__9.txt,4,Optimal,Proved,-453.742,291.488,89,0,0,2142
instance_F15_C20__MU200__0.txt,2,Optimal,Proved,-311.558,17.358,29,0,0,538
instance_F15_C20__MU200__0.txt,3,Optimal,Proved,-116.203,9.25138,23,0,0,437
instance_F15_C20__MU200__0.txt,4,Optimal,Proved,-0,43.4044,269,0,0,2153
instance_F15_C20__MU200__1.txt,2,Optimal,Proved,-745.2,26.9374,33,0,0,992
instance_F15_C20__MU200__1.txt,3,Optimal,Proved,-616.765,42.3644,25,0,0,1346
instance_F15_C20__MU200__1.txt,4,Optimal,Proved,-427.057,63.0865,39,0,0,1703
instance_F15_C20__MU200__2.txt,2,Optimal,Proved,-276.331,188.948,111,0,0,2359
instance_F15_C20__MU200__2.txt,3,Optimal,Proved,-113.209,381.294,159,0,0,5277
instance_F15_C20__MU200__2.txt,4,Optimal,Proved,-0,1769.38,3171,0,0,30087
instance_F15_C20__MU200__3.txt,2,Optimal,Proved,-259.684,67.3214,87,0,0,1466
instance_F15_C20__MU200__3.txt,3,Optimal,Proved,-58.9737,49.2165,49,0,0,1005
instance_F15_C20__MU200__3.txt,4,Optimal,Proved,-0,177.139,651,0,0,5237
instance_F15_C20__MU200__4.txt,2,Optimal,Proved,-174.493,192.126,79,0,0,1416
instance_F15_C20__MU200__4.txt,3,Optimal,Proved,-0,404.84,369,0,0,3509
instance_F15_C20__MU200__4.txt,4,Optimal,Proved,-0,496.314,459,0,0,3924
instance_F15_C20__MU200__5.txt,2,Fail,NotSpecified,-732.244,21.9861,17,5.74455e-15,4.20641e-12,513
instance_F15_C20__MU200__5.txt,3,Optimal,Proved,-541.859,27.0439,21,0,0,623
instance_F15_C20__MU200__5.txt,4,Optimal,Proved,-325.338,33.5224,39,0,0,1105
instance_F15_C20__MU200__6.txt,2,Optimal,Proved,-630.671,295.904,87,0,0,2642
instance_F15_C20__MU200__6.txt,3,Optimal,Proved,-523.88,644.619,81,0,0,5025
instance_F15_C20__MU200__6.txt,4,Optimal,Proved,-406.509,753.333,65,0,0,5617
instance_F15_C20__MU200__7.txt,2,Optimal,Proved,-576.415,120.041,59,0,0,1529
instance_F15_C20__MU200__7.txt,3,Optimal,Proved,-419.402,220.487,53,0,0,2101
instance_F15_C20__MU200__7.txt,4,Optimal,Proved,-261.536,281.804,67,0,0,3331
instance_F15_C20__MU200__8.txt,2,Optimal,Proved,-706.699,132.635,83,0,0,2235
instance_F15_C20__MU200__8.txt,3,Optimal,Proved,-542.875,225.206,63,0,0,3126
instance_F15_C20__MU200__8.txt,4,Optimal,Proved,-375.92,427.579,117,0,0,7233
instance_F15_C20__MU200__9.txt,2,Optimal,Proved,-462.473,157.603,41,0,0,1266
instance_F15_C20__MU200__9.txt,3,Optimal,Proved,-312.986,181.841,37,0,0,1599
instance_F15_C20__MU200__9.txt,4,Optimal,Proved,-162.974,474.621,81,0,0,4907
instance_F15_C20__MU300__0.txt,2,Optimal,Proved,-229.519,132.97,101,0,0,1714
instance_F15_C20__MU300__0.txt,3,Optimal,Proved,-95.2444,246.297,149,0,0,3375
instance_F15_C20__MU300__0.txt,4,Optimal,Proved,-0,945.414,1937,0,0,18963
instance_F15_C20__MU300__1.txt,2,Optimal,Proved,-453.137,21.6392,23,0,0,435
instance_F15_C20__MU300__1.txt,3,Optimal,Proved,-318.174,84.4139,41,0,0,1111
instance_F15_C20__MU300__1.txt,4,Optimal,Proved,-186.527,171.589,57,0,0,1767
instance_F15_C20__MU300__2.txt,2,Optimal,Proved,-223.252,57.273,73,0,0,1163
instance_F15_C20__MU300__2.txt,3,Optimal,Proved,-54.0902,86.5049,91,0,0,1808
instance_F15_C20__MU300__2.txt,4,Optimal,Proved,-0,172.699,545,0,0,4767
instance_F15_C20__MU300__3.txt,2,Optimal,Proved,-246.424,105.861,101,0,0,1742
instance_F15_C20__MU300__3.txt,3,Optimal,Proved,-92.1971,280.079,161,0,0,3929
instance_F15_C20__MU300__3.txt,4,Optimal,Proved,-0,1059.56,2575,0,0,23859
instance_F15_C20__MU300__4.txt,2,Optimal,Proved,-422.394,26.7253,23,0,0,472
instance_F15_C20__MU300__4.txt,3,Optimal,Proved,-301.563,83.5486,79,0,0,1511
instance_F15_C20__MU300__4.txt,4,Optimal,Proved,-196.018,162.159,115,0,0,2760
instance_F15_C20__MU300__5.txt,2,Optimal,Proved,-314.738,41.3173,59,0,0,910
instance_F15_C20__MU300__5.txt,3,Optimal,Proved,-188.62,76.8654,85,0,0,1831
instance_F15_C20__MU300__5.txt,4,Optimal,Proved,-52.9068,121.947,173,0,0,3767
instance_F15_C20__MU300__6.txt,2,Optimal,Proved,-209.248,31.8912,59,0,0,824
instance_F15_C20__MU300__6.txt,3,Optimal,Proved,-63.9535,42.0575,65,0,0,1157
instance_F15_C20__MU300__6.txt,4,Optimal,Proved,-0,226.45,947,0,0,7849
instance_F15_C20__MU300__7.txt,2,Optimal,Proved,-502.185,16.513,41,0,0,638
instance_F15_C20__MU300__7.txt,3,Optimal,Proved,-405.939,30.8726,43,0,0,940
instance_F15_C20__MU300__7.txt,4,Optimal,Proved,-276.258,37.493,39,0,0,1043
instance_F15_C20__MU300__8.txt,2,Optimal,Proved,-346.5,188.136,191,0,0,3399
instance_F15_C20__MU300__8.txt,3,Optimal,Proved,-227.197,215.5,123,0,0,3365
instance_F15_C20__MU300__8.txt,4,Optimal,Proved,-114.813,562.41,243,0,0,7968
instance_F15_C20__MU300__9.txt,2,Optimal,Proved,-447.495,68.2905,49,0,0,943
instance_F15_C20__MU300__9.txt,3,Optimal,Proved,-319.127,123.769,49,0,0,1407
instance_F15_C20__MU300__9.txt,4,Optimal,Proved,-167.242,302.246,121,0,0,3701
instance_F15_C30__MU200__0.txt,2,Optimal,Proved,-415.614,554.161,121,0,0,2603
instance_F15_C30__MU200__0.txt,3,Optimal,Proved,-242.123,580.811,73,0,0,2671
instance_F15_C30__MU200__0.txt,4,Optimal,Proved,-66.4872,651.074,83,0,0,3253
instance_F15_C30__MU200__1.txt,2,Optimal,Proved,-813.415,362.479,53,0,0,1484
instance_F15_C30__MU200__1.txt,3,Optimal,Proved,-668.13,450.901,21,0,0,1212
instance_F15_C30__MU200__1.txt,4,Optimal,Proved,-481.573,1029.19,29,0,0,1695
instance_F15_C30__MU200__2.txt,2,Optimal,Proved,-794.318,591.703,81,0,0,2135
instance_F15_C30__MU200__2.txt,3,Optimal,Proved,-642.423,665.053,31,0,0,1533
instance_F15_C30__MU200__2.txt,4,Optimal,Proved,-475.72,1598.61,55,0,0,3930
instance_F15_C30__MU200__3.txt,2,Optimal,Proved,-855.087,1741.95,123,0,0,3411
instance_F15_C30__MU200__3.txt,3,Optimal,Proved,-690.636,2662.16,123,0,0,6275
instance_F15_C30__MU200__3.txt,4,Feasible,TimeLimit,-517.875,3600.33,115,0.429301,222.324,8852
instance_F15_C30__MU200__4.txt,2,Optimal,Proved,-561.504,53.2718,19,0,0,423
instance_F15_C30__MU200__4.txt,3,Optimal,Proved,-359.591,31.9529,9,0,0,223
instance_F15_C30__MU200__4.txt,4,Optimal,Proved,-166.125,30.6488,23,0,0,391
instance_F15_C30__MU200__5.txt,2,Optimal,Proved,-524.437,2427.75,59,0,0,1408
instance_F15_C30__MU200__5.txt,3,Optimal,Proved,-373.647,2816.11,57,0,0,1943
instance_F15_C30__MU200__5.txt,4,Optimal,Proved,-238.893,1071.85,45,0,0,1683
instance_F15_C30__MU200__6.txt,2,Optimal,Proved,-209.842,122.234,31,0,0,596
instance_F15_C30__MU200__6.txt,3,Optimal,Proved,-106.207,227.046,47,0,0,1229
instance_F15_C30__MU200__6.txt,4,Optimal,Proved,-11.6214,398.366,205,0,0,2834
instance_F15_C30__MU200__7.txt,2,Optimal,Proved,-633.054,944.063,37,0,0,845
instance_F15_C30__MU200__7.txt,3,Optimal,Proved,-472.034,3396.39,91,0,0,3775
instance_F15_C30__MU200__7.txt,4,Feasible,TimeLimit,-306.236,3610.47,49,0.870053,266.442,3319
instance_F15_C30__MU200__8.txt,2,Optimal,Proved,-899.234,388.866,43,0,0,1218
instance_F15_C30__MU200__8.txt,3,Optimal,Proved,-741.611,1816.02,57,0,0,3056
instance_F15_C30__MU200__8.txt,4,Fail,NotSpecified,-578.277,3600,63,0.0497719,28.7819,4970
instance_F15_C30__MU200__9.txt,2,Optimal,Proved,-649.656,241.732,37,0,0,850
instance_F15_C30__MU200__9.txt,3,Optimal,Proved,-469.257,557.019,41,0,0,1615
instance_F15_C30__MU200__9.txt,4,Optimal,Proved,-282.347,865.692,65,0,0,2707
instance_F15_C30__MU300__0.txt,2,Optimal,Proved,-579.763,215.111,15,0,0,339
instance_F15_C30__MU300__0.txt,3,Optimal,Proved,-417.237,962.255,29,0,0,1042
instance_F15_C30__MU300__0.txt,4,Optimal,Proved,-277.058,3393.83,121,0,0,4812
instance_F15_C30__MU300__1.txt,2,Optimal,Proved,-486.698,49.0861,17,0,0,338
instance_F15_C30__MU300__1.txt,3,Optimal,Proved,-345.169,135.695,31,0,0,766
instance_F15_C30__MU300__1.txt,4,Optimal,Proved,-205.29,143.249,37,0,0,786
instance_F15_C30__MU300__2.txt,2,Optimal,Proved,-429.098,80.5155,19,0,0,440
instance_F15_C30__MU300__2.txt,3,Optimal,Proved,-312.411,384.63,65,0,0,1653
instance_F15_C30__MU300__2.txt,4,Optimal,Proved,-176.357,2407.27,391,0,0,10544
instance_F15_C30__MU300__3.txt,2,Optimal,Proved,-475.951,245.98,73,0,0,1438
instance_F15_C30__MU300__3.txt,3,Optimal,Proved,-354.195,846.228,155,0,0,4252
instance_F15_C30__MU300__3.txt,4,Optimal,Proved,-227.579,1757.62,279,0,0,9419
instance_F15_C30__MU300__4.txt,2,Optimal,Proved,-347.86,29.2483,25,0,0,372
instance_F15_C30__MU300__4.txt,3,Optimal,Proved,-195.074,38.296,33,0,0,543
instance_F15_C30__MU300__4.txt,4,Optimal,Proved,-29.1305,66.6356,53,0,0,960
instance_F15_C30__MU300__5.txt,2,Optimal,Proved,-211.227,72.9598,31,0,0,492
instance_F15_C30__MU300__5.txt,3,Optimal,Proved,-78.4122,331.961,73,0,0,1413
instance_F15_C30__MU300__5.txt,4,Optimal,Proved,-0,547.14,741,0,0,6771
instance_F15_C30__MU300__6.txt,2,Optimal,Proved,-394.218,70.8964,49,0,0,993
instance_F15_C30__MU300__6.txt,3,Optimal,Proved,-298.752,279.332,117,0,0,3085
instance_F15_C30__MU300__6.txt,4,Optimal,Proved,-206.941,1129.8,243,0,0,6853
instance_F15_C30__MU300__7.txt,2,Optimal,Proved,-478.275,136.812,39,0,0,752
instance_F15_C30__MU300__7.txt,3,Optimal,Proved,-375.094,158.443,25,0,0,874
instance_F15_C30__MU300__7.txt,4,Optimal,Proved,-226.019,859.981,49,0,0,1602
instance_F15_C30__MU300__8.txt,2,Optimal,Proved,-203.796,5.07582,15,0,0,217
instance_F15_C30__MU300__8.txt,3,Optimal,Proved,-17.4524,10.9826,31,0,0,460
instance_F15_C30__MU300__8.txt,4,Optimal,Proved,-0,22.229,113,0,0,922
instance_F15_C30__MU300__9.txt,2,Optimal,Proved,-655.646,119.177,47,0,0,984
instance_F15_C30__MU300__9.txt,3,Optimal,Proved,-552.258,448.881,37,0,0,1495
instance_F15_C30__MU300__9.txt,4,Optimal,Proved,-445.759,1631.7,43,0,0,2322
instance_F15_C40__MU200__0.txt,2,Optimal,Proved,-576.599,2019.54,177,0,0,4118
instance_F15_C40__MU200__0.txt,3,Optimal,Proved,-480.58,2020.16,111,0,0,4841
instance_F15_C40__MU200__0.txt,4,Optimal,Proved,-394.169,1851.31,43,0,0,3387
instance_F15_C40__MU200__1.txt,2,Optimal,Proved,-745.456,2230.35,67,0,0,1662
instance_F15_C40__MU200__1.txt,3,Fail,NotSpecified,-647.309,3600,31,0.0407945,26.4066,1855
instance_F15_C40__MU200__1.txt,4,Fail,NotSpecified,-432.937,3600,13,0.40047,173.378,1355
instance_F15_C40__MU200__2.txt,2,Fail,NotSpecified,-937.28,3600,13,0.101158,94.8137,564
instance_F15_C40__MU200__2.txt,3,Feasible,TimeLimit,-876.428,3664.11,9,0.111131,97.3981,1080
instance_F15_C40__MU200__2.txt,4,Optimal,Proved,-761.323,3600.01,3,0,0,498
instance_F15_C40__MU200__3.txt,2,Optimal,Proved,-460.903,1086.88,25,0,0,506
instance_F15_C40__MU200__3.txt,3,Optimal,Proved,-295.717,551.396,35,0,0,802
instance_F15_C40__MU200__3.txt,4,Optimal,Proved,-124.868,1539.55,179,0,0,3552
instance_F15_C40__MU200__4.txt,2,Optimal,Proved,-1302.28,378.855,39,0,0,1589
instance_F15_C40__MU200__4.txt,3,Optimal,Proved,-1213.74,2160.6,55,0,0,4470
instance_F15_C40__MU200__4.txt,4,Feasible,TimeLimit,-1111.69,3600,17,0.0293411,32.6182,3171
instance_F15_C40__MU200__5.txt,2,Fail,NotSpecified,-664.146,3600,103,0.0321316,21.34,3671
instance_F15_C40__MU200__5.txt,3,Feasible,TimeLimit,-579.034,3600,43,0.127012,73.5445,2886
instance_F15_C40__MU200__5.txt,4,Fail,NotSpecified,-485.456,3600,25,0.0353827,17.1768,1495
instance_F15_C40__MU200__6.txt,2,Fail,NotSpecified,-1175.36,3600,61,0.0495896,58.2855,2403
instance_F15_C40__MU200__6.txt,3,Feasible,TimeLimit,-1087.21,3600,15,0.0970697,105.535,1318
instance_F15_C40__MU200__6.txt,4,Fail,NotSpecified,-969.655,3600.01,7,0.15868,153.865,1263
instance_F15_C40__MU200__7.txt,2,Optimal,Proved,-666.386,449.936,51,0,0,1074
instance_F15_C40__MU200__7.txt,3,Optimal,Proved,-520.075,681.471,29,0,0,1095
instance_F15_C40__MU200__7.txt,4,Optimal,Proved,-370.45,241.375,13,0,0,507
instance_F15_C40__MU200__8.txt,2,Optimal,Proved,-865.966,2891.62,133,0,0,3892
instance_F15_C40__MU200__8.txt,3,Fail,NotSpecified,-769.664,3600,39,0.0602787,46.3943,3799
instance_F15_C40__MU200__8.txt,4,Feasible,TimeLimit,-650.736,3600.01,13,0.0759459,49.4207,1483
instance_F15_C40__MU200__9.txt,2,Feasible,TimeLimit,-892.587,3600,47,0.0100389,8.96059,1714
instance_F15_C40__MU200__9.txt,3,Feasible,TimeLimit,-782.314,3733.23,5,0.118687,92.8507,715
instance_F15_C40__MU200__9.txt,4,Fail,NotSpecified,-716.448,3600,9,0,0,958
instance_F15_C40__MU300__0.txt,2,Optimal,Proved,-810.447,192.943,93,0,0,1854
instance_F15_C40__MU300__0.txt,3,Optimal,Proved,-741.874,476.978,67,0,0,2444
instance_F15_C40__MU300__0.txt,4,Optimal,Proved,-671.004,2061.43,133,0,0,6402
instance_F15_C40__MU300__1.txt,2,Optimal,Proved,-569.442,35.7011,33,9.46872e-05,0.0539188,544
instance_F15_C40__MU300__1.txt,3,Optimal,Proved,-508.35,83.921,33,0,0,771
instance_F15_C40__MU300__1.txt,4,Optimal,Proved,-407.29,324.159,43,0,0,1337
instance_F15_C40__MU300__2.txt,2,Optimal,Proved,-624.697,565.35,173,0,0,3402
instance_F15_C40__MU300__2.txt,3,Optimal,Proved,-539.155,1486.11,169,0,0,5647
instance_F15_C40__MU300__2.txt,4,Optimal,Proved,-456.802,2593.92,187,0,0,8586
instance_F15_C40__MU300__3.txt,2,Optimal,Proved,-726.663,59.8557,39,0,0,767
instance_F15_C40__MU300__3.txt,3,Optimal,Proved,-644.744,1853.71,119,0,0,3958
instance_F15_C40__MU300__3.txt,4,Fail,NotSpecified,-550.888,3600,35,0.135308,74.5398,2346
instance_F15_C40__MU300__4.txt,2,Optimal,Proved,-574.541,124.529,63,0,0,957
instance_F15_C40__MU300__4.txt,3,Optimal,Proved,-493.785,1126.57,67,0,0,1496
instance_F15_C40__MU300__4.txt,4,Optimal,Proved,-403.465,1423.47,97,0,0,2992
instance_F15_C40__MU300__5.txt,2,Optimal,Proved,-514.918,143.318,41,0,0,679
instance_F15_C40__MU300__5.txt,3,Optimal,Proved,-438.512,376.096,61,0,0,1509
instance_F15_C40__MU300__5.txt,4,Feasible,TimeLimit,-339.939,3600,133,0.569794,193.695,4821
instance_F15_C40__MU300__6.txt,2,Optimal,Proved,-537.069,222.605,69,0,0,1153
instance_F15_C40__MU300__6.txt,3,Optimal,Proved,-459.246,1251.06,101,0,0,2307
instance_F15_C40__MU300__6.txt,4,Optimal,Proved,-395.677,2976.34,103,0,0,3400
instance_F15_C40__MU300__7.txt,2,Optimal,Proved,-600.383,362.05,139,0,0,2498
instance_F15_C40__MU300__7.txt,3,Optimal,Proved,-526.134,1304.5,173,0,0,5543
instance_F15_C40__MU300__7.txt,4,Fail,NotSpecified,-448.39,3600,165,0.103961,46.6149,7676
instance_F15_C40__MU300__8.txt,2,Optimal,Proved,-672.522,1217.72,133,0,0,2366
instance_F15_C40__MU300__8.txt,3,Optimal,Proved,-617.449,1883.61,111,0,0,3377
instance_F15_C40__MU300__8.txt,4,Fail,NotSpecified,-535.065,3600,167,0.244422,130.782,9033
instance_F15_C40__MU300__9.txt,2,Fail,NotSpecified,-678.831,3600,285,0.00689523,4.6807,7179
instance_F15_C40__MU300__9.txt,3,Fail,NotSpecified,-601.975,3600,115,0.0846344,50.9478,6404
instance_F15_C40__MU300__9.txt,4,Fail,NotSpecified,-552.346,3600,123,0.143547,79.2877,8638
instance_F15_C50__MU200__0.txt,2,Optimal,Proved,-1193.05,2081.4,37,0,0,1159
instance_F15_C50__MU200__0.txt,3,Feasible,TimeLimit,-1072,3614.62,29,0.0196167,21.029,2740
instance_F15_C50__MU200__0.txt,4,Fail,NotSpecified,-951.548,3600,7,0.0270624,25.7512,908
instance_F15_C50__MU200__1.txt,2,Optimal,Proved,-833.341,1007.32,75,0,0,2100
instance_F15_C50__MU200__1.txt,3,Optimal,Proved,-768.947,3572.38,51,0,0,3058
instance_F15_C50__MU200__1.txt,4,Feasible,TimeLimit,-441.716,3601.68,9,0.404835,178.822,651
instance_F15_C50__MU200__2.txt,2,Optimal,Proved,-1277.25,2266.23,25,0,0,893
instance_F15_C50__MU200__2.txt,3,Fail,NotSpecified,-1124.92,3600,7,0.0416362,46.8375,738
instance_F15_C50__MU200__2.txt,4,Feasible,TimeLimit,-798.223,3714.65,5,0.444216,354.583,700
instance_F15_C50__MU200__3.txt,2,Feasible,TimeLimit,-839.443,3600,3,0.0436233,36.6192,125
instance_F15_C50__MU200__3.txt,3,Feasible,TimeLimit,-636.759,3703.33,3,0.0110778,7.05388,139
instance_F15_C50__MU200__3.txt,4,Feasible,TimeLimit,-403.909,4182.79,1,0.321161,129.72,81
instance_F15_C50__MU200__4.txt,2,Optimal,Proved,-1150.16,1164.21,59,0,0,1971
instance_F15_C50__MU200__4.txt,3,Feasible,TimeLimit,-1060.43,3652.65,29,0.0368403,39.0667,3266
instance_F15_C50__MU200__4.txt,4,Fail,NotSpecified,-964.48,3600.01,9,0.154634,149.141,2076
instance_F15_C50__MU200__5.txt,2,Fail,NotSpecified,-996.959,3600,13,0.0779092,77.6723,334
instance_F15_C50__MU200__5.txt,3,Feasible,TimeLimit,-906.159,4211.83,5,0.0978524,88.6698,312
instance_F15_C50__MU200__5.txt,4,Feasible,TimeLimit,-677.914,3644.24,1,0.448306,303.913,158
instance_F15_C50__MU200__6.txt,2,Feasible,TimeLimit,-874.812,3641.39,9,0.0707442,61.8879,347
instance_F15_C50__MU200__6.txt,3,Feasible,TimeLimit,-651.243,4719.51,3,0.414921,270.215,283
instance_F15_C50__MU200__6.txt,4,Feasible,TimeLimit,-394.761,3744.44,1,0.72841,287.548,160
instance_F15_C50__MU200__7.txt,2,Feasible,TimeLimit,-840.057,3600,53,0.0271337,22.7939,1550
instance_F15_C50__MU200__7.txt,3,Feasible,TimeLimit,-750.678,3612.53,9,0.0401575,30.1454,956
instance_F15_C50__MU200__7.txt,4,Feasible,TimeLimit,-492.402,3600,7,0.257143,126.618,935
instance_F15_C50__MU200__8.txt,2,Fail,NotSpecified,-1178.45,3600,11,0.0504138,59.41,491
instance_F15_C50__MU200__8.txt,3,Feasible,TimeLimit,-1020.08,3688.33,1,0.154258,157.355,147
instance_F15_C50__MU200__8.txt,4,Feasible,TimeLimit,-525.136,3803.58,1,0.663037,348.185,104
instance_F15_C50__MU200__9.txt,2,Optimal,Proved,-588.528,2891.95,55,0,0,1714
instance_F15_C50__MU200__9.txt,3,Fail,NotSpecified,-506.704,3600,11,0.0730978,37.039,724
instance_F15_C50__MU200__9.txt,4,Feasible,TimeLimit,-332.295,3650.29,3,0.453738,150.775,369
instance_F15_C50__MU300__0.txt,2,Optimal,Proved,-637.326,272.03,61,0,0,1288
instance_F15_C50__MU300__0.txt,3,Optimal,Proved,-556.894,1164.32,79,0,0,2390
instance_F15_C50__MU300__0.txt,4,Feasible,TimeLimit,-455.529,3600,83,0.205446,93.5867,3365
instance_F15_C50__MU300__1.txt,2,Optimal,Proved,-492.65,255.518,23,1.15383e-16,5.68434e-14,627
instance_F15_C50__MU300__1.txt,3,Optimal,Proved,-436.674,339.31,23,0,0,1156
instance_F15_C50__MU300__1.txt,4,Optimal,Proved,-350.065,2142.19,121,0,0,4869
instance_F15_C50__MU300__2.txt,2,Optimal,Proved,-410.208,1044,75,0,0,1207
instance_F15_C50__MU300__2.txt,3,Optimal,Proved,-315.798,1707.67,115,0,0,2794
instance_F15_C50__MU300__2.txt,4,Fail,NotSpecified,-228.922,3600,137,0.854319,195.572,4972
instance_F15_C50__MU300__3.txt,2,Optimal,Proved,-551.035,71.0384,19,0,0,375
instance_F15_C50__MU300__3.txt,3,Optimal,Proved,-463.145,1757.72,35,0,0,1016
instance_F15_C50__MU300__3.txt,4,Fail,NotSpecified,-377.342,3600,39,0.213145,80.4286,1775
instance_F15_C50__MU300__4.txt,2,Optimal,Proved,-628.616,34.5517,15,0,0,340
instance_F15_C50__MU300__4.txt,3,Optimal,Proved,-548.839,226.805,33,0,0,1149
instance_F15_C50__MU300__4.txt,4,Optimal,Proved,-463.462,1227.85,79,0,0,3209
instance_F15_C50__MU300__5.txt,2,Optimal,Proved,-559.787,98.2422,35,0,0,673
instance_F15_C50__MU300__5.txt,3,Optimal,Proved,-480.096,683.435,87,0,0,2374
instance_F15_C50__MU300__5.txt,4,Optimal,Proved,-412.673,961.34,63,0,0,2435
instance_F15_C50__MU300__6.txt,2,Optimal,Proved,-415.814,351.865,61,0,0,1009
instance_F15_C50__MU300__6.txt,3,Optimal,Proved,-334.993,1141.11,121,0,0,2808
instance_F15_C50__MU300__6.txt,4,Fail,NotSpecified,-243.973,3600,187,0.514164,125.442,5816
instance_F15_C50__MU300__7.txt,2,Optimal,Proved,-595.555,39.7691,17,0,0,410
instance_F15_C50__MU300__7.txt,3,Optimal,Proved,-499.784,372.302,29,0,0,787
instance_F15_C50__MU300__7.txt,4,Feasible,TimeLimit,-409.623,3600.01,29,0.0342493,14.0293,1199
instance_F15_C50__MU300__8.txt,2,Optimal,Proved,-870.068,108.315,63,0,0,1256
instance_F15_C50__MU300__8.txt,3,Optimal,Proved,-809.512,132.75,33,0,0,1165
instance_F15_C50__MU300__8.txt,4,Optimal,Proved,-731.106,430.599,45,0,0,1889
instance_F15_C50__MU300__9.txt,2,Optimal,Proved,-593.078,225.767,77,0,0,1343
instance_F15_C50__MU300__9.txt,3,Optimal,Proved,-513.16,1557.98,95,0,0,2358
instance_F15_C50__MU300__9.txt,4,Feasible,TimeLimit,-424.603,3600,109,0.301311,127.938,3860
